-- Seed daily vocabulary
INSERT INTO public.daily_vocabulary (day_number, language, word, translation, romanization, date)
VALUES
(1, 'russian', 'кофе', 'coffee', 'kofe', DATE '2025-01-01' + INTERVAL '0 day'),
(1, 'russian', 'чай', 'tea', 'chay', DATE '2025-01-01' + INTERVAL '0 day'),
(1, 'russian', 'сахар', 'sugar', 'sakhar', DATE '2025-01-01' + INTERVAL '0 day'),
(1, 'russian', 'молоко', 'milk', 'moloko', DATE '2025-01-01' + INTERVAL '0 day'),
(1, 'russian', 'заказ', 'order', 'zakaz', DATE '2025-01-01' + INTERVAL '0 day'),
(1, 'russian', 'официант', 'waiter', 'ofitsiant', DATE '2025-01-01' + INTERVAL '0 day'),
(1, 'russian', 'чек', 'bill', 'chek', DATE '2025-01-01' + INTERVAL '0 day'),
(1, 'russian', 'столик', 'table', 'stolik', DATE '2025-01-01' + INTERVAL '0 day'),
(1, 'russian', 'вкусный', 'tasty', 'vkusnyy', DATE '2025-01-01' + INTERVAL '0 day'),
(1, 'russian', 'пирог', 'pie', 'pirog', DATE '2025-01-01' + INTERVAL '0 day'),
(1, 'cantonese', '咖啡', 'coffee', 'gaa3 fe1', DATE '2025-01-01' + INTERVAL '0 day'),
(1, 'cantonese', '茶', 'tea', 'caa4', DATE '2025-01-01' + INTERVAL '0 day'),
(1, 'cantonese', '牛奶', 'milk', 'ngau4 naai5', DATE '2025-01-01' + INTERVAL '0 day'),
(1, 'cantonese', '糖', 'sugar', 'tong4', DATE '2025-01-01' + INTERVAL '0 day'),
(1, 'cantonese', '侍應', 'waiter', 'si6 jing3', DATE '2025-01-01' + INTERVAL '0 day'),
(1, 'cantonese', '單', 'bill', 'daan1', DATE '2025-01-01' + INTERVAL '0 day'),
(1, 'cantonese', '味道', 'flavor', 'mei6 dou6', DATE '2025-01-01' + INTERVAL '0 day'),
(1, 'cantonese', '凍', 'cold', 'dung3', DATE '2025-01-01' + INTERVAL '0 day'),
(1, 'cantonese', '熱', 'hot', 'jit6', DATE '2025-01-01' + INTERVAL '0 day'),
(1, 'cantonese', '蛋糕', 'cake', 'daan6 gou1', DATE '2025-01-01' + INTERVAL '0 day'),
(2, 'russian', 'встреча', 'meeting', 'vstrecha', DATE '2025-01-01' + INTERVAL '1 day'),
(2, 'russian', 'завтра', 'tomorrow', 'zavtra', DATE '2025-01-01' + INTERVAL '1 day'),
(2, 'russian', 'время', 'time', 'vremya', DATE '2025-01-01' + INTERVAL '1 day'),
(2, 'russian', 'место', 'place', 'mesto', DATE '2025-01-01' + INTERVAL '1 day'),
(2, 'russian', 'друзья', 'friends', 'druzya', DATE '2025-01-01' + INTERVAL '1 day'),
(2, 'russian', 'свободен', 'free (available)', 'svoboden', DATE '2025-01-01' + INTERVAL '1 day'),
(2, 'russian', 'идти', 'to go', 'idti', DATE '2025-01-01' + INTERVAL '1 day'),
(2, 'russian', 'вместе', 'together', 'vmeste', DATE '2025-01-01' + INTERVAL '1 day'),
(2, 'russian', 'решить', 'to decide', 'reshit', DATE '2025-01-01' + INTERVAL '1 day'),
(2, 'russian', 'пригласить', 'to invite', 'priglasit', DATE '2025-01-01' + INTERVAL '1 day'),
(2, 'cantonese', '朋友', 'friend', 'pang4 jau5', DATE '2025-01-01' + INTERVAL '1 day'),
(2, 'cantonese', '時間', 'time', 'si4 gaan3', DATE '2025-01-01' + INTERVAL '1 day'),
(2, 'cantonese', '地方', 'place', 'dei6 fong1', DATE '2025-01-01' + INTERVAL '1 day'),
(2, 'cantonese', '約', 'to arrange', 'joek3', DATE '2025-01-01' + INTERVAL '1 day'),
(2, 'cantonese', '一齊', 'together', 'jat1 cai4', DATE '2025-01-01' + INTERVAL '1 day'),
(2, 'cantonese', '自由', 'free (available)', 'zi6 jau4', DATE '2025-01-01' + INTERVAL '1 day'),
(2, 'cantonese', '諗', 'to think', 'nam2', DATE '2025-01-01' + INTERVAL '1 day'),
(2, 'cantonese', '興趣', 'interest', 'hing3 ceoi3', DATE '2025-01-01' + INTERVAL '1 day'),
(2, 'cantonese', '出街', 'to go out', 'ceot1 gaai1', DATE '2025-01-01' + INTERVAL '1 day'),
(2, 'cantonese', '計劃', 'plan', 'gai3 waak6', DATE '2025-01-01' + INTERVAL '1 day'),
(3, 'russian', 'поезд', 'train', 'poezd', DATE '2025-01-01' + INTERVAL '2 day'),
(3, 'russian', 'вокзал', 'station', 'vokzal', DATE '2025-01-01' + INTERVAL '2 day'),
(3, 'russian', 'билет', 'ticket', 'bilet', DATE '2025-01-01' + INTERVAL '2 day'),
(3, 'russian', 'прибытие', 'arrival', 'pribytie', DATE '2025-01-01' + INTERVAL '2 day'),
(3, 'russian', 'отправление', 'departure', 'otpravlenie', DATE '2025-01-01' + INTERVAL '2 day'),
(3, 'russian', 'платформа', 'platform', 'platforma', DATE '2025-01-01' + INTERVAL '2 day'),
(3, 'russian', 'задержка', 'delay', 'zaderzhka', DATE '2025-01-01' + INTERVAL '2 day'),
(3, 'russian', 'место', 'seat', 'mesto', DATE '2025-01-01' + INTERVAL '2 day'),
(3, 'russian', 'расписание', 'schedule', 'raspisaniye', DATE '2025-01-01' + INTERVAL '2 day'),
(3, 'russian', 'комфортный', 'comfortable', 'komfortnyy', DATE '2025-01-01' + INTERVAL '2 day'),
(3, 'cantonese', '火車', 'train', 'fo2 ce1', DATE '2025-01-01' + INTERVAL '2 day'),
(3, 'cantonese', '車站', 'station', 'ce1 zaam6', DATE '2025-01-01' + INTERVAL '2 day'),
(3, 'cantonese', '車票', 'ticket', 'ce1 piu3', DATE '2025-01-01' + INTERVAL '2 day'),
(3, 'cantonese', '到達', 'arrival', 'dou3 daat6', DATE '2025-01-01' + INTERVAL '2 day'),
(3, 'cantonese', '開出', 'departure', 'hoi1 ceot1', DATE '2025-01-01' + INTERVAL '2 day'),
(3, 'cantonese', '月台', 'platform', 'jyut6 toi4', DATE '2025-01-01' + INTERVAL '2 day'),
(3, 'cantonese', '延誤', 'delay', 'jin4 ng6', DATE '2025-01-01' + INTERVAL '2 day'),
(3, 'cantonese', '座位', 'seat', 'zo6 wai2', DATE '2025-01-01' + INTERVAL '2 day'),
(3, 'cantonese', '時間表', 'schedule', 'si4 gaan3 biu2', DATE '2025-01-01' + INTERVAL '2 day'),
(3, 'cantonese', '舒服', 'comfortable', 'syu1 fuk6', DATE '2025-01-01' + INTERVAL '2 day'),
(4, 'russian', 'магазин', 'shop', 'magazin', DATE '2025-01-01' + INTERVAL '3 day'),
(4, 'russian', 'покупка', 'purchase', 'pokupka', DATE '2025-01-01' + INTERVAL '3 day'),
(4, 'russian', 'скидка', 'discount', 'skidka', DATE '2025-01-01' + INTERVAL '3 day'),
(4, 'russian', 'примерочная', 'fitting room', 'primerochnaya', DATE '2025-01-01' + INTERVAL '3 day'),
(4, 'russian', 'размер', 'size', 'razmer', DATE '2025-01-01' + INTERVAL '3 day'),
(4, 'russian', 'дешёвый', 'cheap', 'deshovyy', DATE '2025-01-01' + INTERVAL '3 day'),
(4, 'russian', 'цена', 'price', 'tsena', DATE '2025-01-01' + INTERVAL '3 day'),
(4, 'russian', 'пакет', 'bag', 'paket', DATE '2025-01-01' + INTERVAL '3 day'),
(4, 'russian', 'касса', 'cash register', 'kassa', DATE '2025-01-01' + INTERVAL '3 day'),
(4, 'russian', 'купить', 'to buy', 'kupit''', DATE '2025-01-01' + INTERVAL '3 day'),
(4, 'cantonese', '商店', 'shop', 'soeng1 dim3', DATE '2025-01-01' + INTERVAL '3 day'),
(4, 'cantonese', '買嘢', 'to buy', 'maai5 je5', DATE '2025-01-01' + INTERVAL '3 day'),
(4, 'cantonese', '平', 'cheap', 'paang4', DATE '2025-01-01' + INTERVAL '3 day'),
(4, 'cantonese', '價錢', 'price', 'gaa3 cin4', DATE '2025-01-01' + INTERVAL '3 day'),
(4, 'cantonese', '試身室', 'fitting room', 'si3 san1 sat1', DATE '2025-01-01' + INTERVAL '3 day'),
(4, 'cantonese', '袋', 'bag', 'doi6', DATE '2025-01-01' + INTERVAL '3 day'),
(4, 'cantonese', '收銀台', 'cash register', 'sau1 ngan2 toi4', DATE '2025-01-01' + INTERVAL '3 day'),
(4, 'cantonese', '顏色', 'color', 'ngaan4 sik1', DATE '2025-01-01' + INTERVAL '3 day'),
(4, 'cantonese', '折扣', 'discount', 'zit3 kau3', DATE '2025-01-01' + INTERVAL '3 day'),
(4, 'cantonese', '試下', 'to try', 'si3 haa5', DATE '2025-01-01' + INTERVAL '3 day'),
(5, 'russian', 'ресторан', 'restaurant', 'restoran', DATE '2025-01-01' + INTERVAL '4 day'),
(5, 'russian', 'меню', 'menu', 'menyu', DATE '2025-01-01' + INTERVAL '4 day'),
(5, 'russian', 'официантка', 'waitress', 'ofitsiantka', DATE '2025-01-01' + INTERVAL '4 day'),
(5, 'russian', 'блюдо', 'dish', 'blyudo', DATE '2025-01-01' + INTERVAL '4 day'),
(5, 'russian', 'закуска', 'appetizer', 'zakuska', DATE '2025-01-01' + INTERVAL '4 day'),
(5, 'russian', 'главное блюдо', 'main course', 'glavnoye blyudo', DATE '2025-01-01' + INTERVAL '4 day'),
(5, 'russian', 'десерт', 'dessert', 'desert', DATE '2025-01-01' + INTERVAL '4 day'),
(5, 'russian', 'счёт', 'bill', 'schyot', DATE '2025-01-01' + INTERVAL '4 day'),
(5, 'russian', 'вкус', 'taste', 'vgus', DATE '2025-01-01' + INTERVAL '4 day'),
(5, 'russian', 'рекомендовать', 'to recommend', 'rekamendovat''', DATE '2025-01-01' + INTERVAL '4 day'),
(5, 'cantonese', '餐廳', 'restaurant', 'caan1 teng1', DATE '2025-01-01' + INTERVAL '4 day'),
(5, 'cantonese', '餐牌', 'menu', 'caan1 paai4', DATE '2025-01-01' + INTERVAL '4 day'),
(5, 'cantonese', '侍應', 'waiter', 'si6 jing3', DATE '2025-01-01' + INTERVAL '4 day'),
(5, 'cantonese', '前菜', 'appetizer', 'cin4 coi3', DATE '2025-01-01' + INTERVAL '4 day'),
(5, 'cantonese', '主菜', 'main course', 'zyu2 coi3', DATE '2025-01-01' + INTERVAL '4 day'),
(5, 'cantonese', '甜品', 'dessert', 'tim4 ban2', DATE '2025-01-01' + INTERVAL '4 day'),
(5, 'cantonese', '味道', 'taste', 'mei6 dou6', DATE '2025-01-01' + INTERVAL '4 day'),
(5, 'cantonese', '單', 'bill', 'daan1', DATE '2025-01-01' + INTERVAL '4 day'),
(5, 'cantonese', '推介', 'recommendation', 'teoi1 gaai3', DATE '2025-01-01' + INTERVAL '4 day'),
(5, 'cantonese', '好味', 'tasty', 'hou2 mei6', DATE '2025-01-01' + INTERVAL '4 day'),
(6, 'russian', 'кино', 'cinema', 'kino', DATE '2025-01-01' + INTERVAL '5 day'),
(6, 'russian', 'фильм', 'film', 'fil''m', DATE '2025-01-01' + INTERVAL '5 day'),
(6, 'russian', 'билет', 'ticket', 'bilet', DATE '2025-01-01' + INTERVAL '5 day'),
(6, 'russian', 'место', 'seat', 'mesto', DATE '2025-01-01' + INTERVAL '5 day'),
(6, 'russian', 'начало', 'start', 'nachalo', DATE '2025-01-01' + INTERVAL '5 day'),
(6, 'russian', 'конец', 'end', 'konyets', DATE '2025-01-01' + INTERVAL '5 day'),
(6, 'russian', 'сюжет', 'plot', 'suzhet', DATE '2025-01-01' + INTERVAL '5 day'),
(6, 'russian', 'актёр', 'actor', 'aktyor', DATE '2025-01-01' + INTERVAL '5 day'),
(6, 'russian', 'интересный', 'interesting', 'interesnyy', DATE '2025-01-01' + INTERVAL '5 day'),
(6, 'russian', 'смешной', 'funny', 'smeshnoy', DATE '2025-01-01' + INTERVAL '5 day'),
(6, 'cantonese', '戲院', 'cinema', 'hei3 jyun2', DATE '2025-01-01' + INTERVAL '5 day'),
(6, 'cantonese', '電影', 'movie', 'din6 jing2', DATE '2025-01-01' + INTERVAL '5 day'),
(6, 'cantonese', '戲票', 'ticket', 'hei3 piu3', DATE '2025-01-01' + INTERVAL '5 day'),
(6, 'cantonese', '座位', 'seat', 'zo6 wai2', DATE '2025-01-01' + INTERVAL '5 day'),
(6, 'cantonese', '故事', 'story', 'gu3 si6', DATE '2025-01-01' + INTERVAL '5 day'),
(6, 'cantonese', '演員', 'actor', 'jin2 jyun4', DATE '2025-01-01' + INTERVAL '5 day'),
(6, 'cantonese', '有趣', 'interesting', 'jau5 ceoi3', DATE '2025-01-01' + INTERVAL '5 day'),
(6, 'cantonese', '好笑', 'funny', 'hou2 siu3', DATE '2025-01-01' + INTERVAL '5 day'),
(6, 'cantonese', '結局', 'ending', 'git3 guk6', DATE '2025-01-01' + INTERVAL '5 day'),
(6, 'cantonese', '再睇', 'watch again', 'zoi3 tai2', DATE '2025-01-01' + INTERVAL '5 day'),
(7, 'russian', 'путешествие', 'trip', 'puteshestviye', DATE '2025-01-01' + INTERVAL '6 day'),
(7, 'russian', 'город', 'city', 'gorod', DATE '2025-01-01' + INTERVAL '6 day'),
(7, 'russian', 'карта', 'map', 'karta', DATE '2025-01-01' + INTERVAL '6 day'),
(7, 'russian', 'погода', 'weather', 'pogoda', DATE '2025-01-01' + INTERVAL '6 day'),
(7, 'russian', 'пляж', 'beach', 'plyazh', DATE '2025-01-01' + INTERVAL '6 day'),
(7, 'russian', 'горы', 'mountains', 'gory', DATE '2025-01-01' + INTERVAL '6 day'),
(7, 'russian', 'фото', 'photo', 'foto', DATE '2025-01-01' + INTERVAL '6 day'),
(7, 'russian', 'поехать', 'to go (travel)', 'poekhat''', DATE '2025-01-01' + INTERVAL '6 day'),
(7, 'russian', 'отдыхать', 'to relax', 'otdykhat''', DATE '2025-01-01' + INTERVAL '6 day'),
(7, 'russian', 'поездка', 'journey', 'poezdka', DATE '2025-01-01' + INTERVAL '6 day'),
(7, 'cantonese', '旅行', 'travel', 'leoi5 hang4', DATE '2025-01-01' + INTERVAL '6 day'),
(7, 'cantonese', '地圖', 'map', 'dei6 tou4', DATE '2025-01-01' + INTERVAL '6 day'),
(7, 'cantonese', '天氣', 'weather', 'tin1 hei3', DATE '2025-01-01' + INTERVAL '6 day'),
(7, 'cantonese', '沙灘', 'beach', 'sa1 taan1', DATE '2025-01-01' + INTERVAL '6 day'),
(7, 'cantonese', '山', 'mountain', 'saan1', DATE '2025-01-01' + INTERVAL '6 day'),
(7, 'cantonese', '影相', 'to take photos', 'jing2 soeng2', DATE '2025-01-01' + INTERVAL '6 day'),
(7, 'cantonese', '放假', 'holiday', 'fong3 gaa3', DATE '2025-01-01' + INTERVAL '6 day'),
(7, 'cantonese', '休息', 'to rest', 'jau1 sik1', DATE '2025-01-01' + INTERVAL '6 day'),
(7, 'cantonese', '行程', 'route', 'haang4 cing4', DATE '2025-01-01' + INTERVAL '6 day'),
(7, 'cantonese', '計劃', 'plan', 'gai3 waak6', DATE '2025-01-01' + INTERVAL '6 day'),
(8, 'russian', 'врач', 'doctor', 'vrach', DATE '2025-01-01' + INTERVAL '7 day'),
(8, 'russian', 'боль', 'pain', 'bol''', DATE '2025-01-01' + INTERVAL '7 day'),
(8, 'russian', 'температура', 'temperature', 'temperatura', DATE '2025-01-01' + INTERVAL '7 day'),
(8, 'russian', 'лекарство', 'medicine', 'lekarstvo', DATE '2025-01-01' + INTERVAL '7 day'),
(8, 'russian', 'голова', 'head', 'golova', DATE '2025-01-01' + INTERVAL '7 day'),
(8, 'russian', 'живот', 'stomach', 'zhivot', DATE '2025-01-01' + INTERVAL '7 day'),
(8, 'russian', 'кашель', 'cough', 'kashel''', DATE '2025-01-01' + INTERVAL '7 day'),
(8, 'russian', 'простуда', 'cold', 'prostuda', DATE '2025-01-01' + INTERVAL '7 day'),
(8, 'russian', 'больница', 'hospital', 'bol''nitsa', DATE '2025-01-01' + INTERVAL '7 day'),
(8, 'russian', 'здоровье', 'health', 'zdorov''ye', DATE '2025-01-01' + INTERVAL '7 day'),
(8, 'cantonese', '醫生', 'doctor', 'ji1 sang1', DATE '2025-01-01' + INTERVAL '7 day'),
(8, 'cantonese', '痛', 'pain', 'tung3', DATE '2025-01-01' + INTERVAL '7 day'),
(8, 'cantonese', '藥', 'medicine', 'joek6', DATE '2025-01-01' + INTERVAL '7 day'),
(8, 'cantonese', '頭痛', 'headache', 'tau4 tung3', DATE '2025-01-01' + INTERVAL '7 day'),
(8, 'cantonese', '肚痛', 'stomachache', 'tou5 tung3', DATE '2025-01-01' + INTERVAL '7 day'),
(8, 'cantonese', '咳', 'cough', 'kai1', DATE '2025-01-01' + INTERVAL '7 day'),
(8, 'cantonese', '感冒', 'cold', 'gam2 mou6', DATE '2025-01-01' + INTERVAL '7 day'),
(8, 'cantonese', '醫院', 'hospital', 'ji1 jyun2', DATE '2025-01-01' + INTERVAL '7 day'),
(8, 'cantonese', '健康', 'health', 'gin6 hong1', DATE '2025-01-01' + INTERVAL '7 day'),
(8, 'cantonese', '休息', 'rest', 'jau1 sik1', DATE '2025-01-01' + INTERVAL '7 day'),
(9, 'russian', 'работа', 'work', 'rabota', DATE '2025-01-01' + INTERVAL '8 day'),
(9, 'russian', 'встреча', 'meeting', 'vstrecha', DATE '2025-01-01' + INTERVAL '8 day'),
(9, 'russian', 'проект', 'project', 'proyekt', DATE '2025-01-01' + INTERVAL '8 day'),
(9, 'russian', 'отчёт', 'report', 'otchot', DATE '2025-01-01' + INTERVAL '8 day'),
(9, 'russian', 'коллега', 'colleague', 'kollega', DATE '2025-01-01' + INTERVAL '8 day'),
(9, 'russian', 'начальник', 'boss', 'nachalnik', DATE '2025-01-01' + INTERVAL '8 day'),
(9, 'russian', 'время', 'time', 'vremya', DATE '2025-01-01' + INTERVAL '8 day'),
(9, 'russian', 'задача', 'task', 'zadacha', DATE '2025-01-01' + INTERVAL '8 day'),
(9, 'russian', 'идея', 'idea', 'ideya', DATE '2025-01-01' + INTERVAL '8 day'),
(9, 'russian', 'успех', 'success', 'uspekh', DATE '2025-01-01' + INTERVAL '8 day'),
(9, 'cantonese', '工作', 'work', 'gung1 zok3', DATE '2025-01-01' + INTERVAL '8 day'),
(9, 'cantonese', '會議', 'meeting', 'wui6 ji5', DATE '2025-01-01' + INTERVAL '8 day'),
(9, 'cantonese', '計劃', 'project', 'gai3 waak6', DATE '2025-01-01' + INTERVAL '8 day'),
(9, 'cantonese', '報告', 'report', 'bou3 gou3', DATE '2025-01-01' + INTERVAL '8 day'),
(9, 'cantonese', '同事', 'colleague', 'tung4 si6', DATE '2025-01-01' + INTERVAL '8 day'),
(9, 'cantonese', '上司', 'boss', 'soeng6 si1', DATE '2025-01-01' + INTERVAL '8 day'),
(9, 'cantonese', '時間', 'time', 'si4 gaan3', DATE '2025-01-01' + INTERVAL '8 day'),
(9, 'cantonese', '任務', 'task', 'jam6 mou6', DATE '2025-01-01' + INTERVAL '8 day'),
(9, 'cantonese', '主意', 'idea', 'zyu2 ji3', DATE '2025-01-01' + INTERVAL '8 day'),
(9, 'cantonese', '成功', 'success', 'sing4 gung1', DATE '2025-01-01' + INTERVAL '8 day'),
(10, 'russian', 'улица', 'street', 'ulitsa', DATE '2025-01-01' + INTERVAL '9 day'),
(10, 'russian', 'карта', 'map', 'karta', DATE '2025-01-01' + INTERVAL '9 day'),
(10, 'russian', 'направо', 'right', 'napravo', DATE '2025-01-01' + INTERVAL '9 day'),
(10, 'russian', 'налево', 'left', 'nalevo', DATE '2025-01-01' + INTERVAL '9 day'),
(10, 'russian', 'прямо', 'straight', 'pryamo', DATE '2025-01-01' + INTERVAL '9 day'),
(10, 'russian', 'поворот', 'turn', 'povorot', DATE '2025-01-01' + INTERVAL '9 day'),
(10, 'russian', 'перекрёсток', 'crossroad', 'perekryostok', DATE '2025-01-01' + INTERVAL '9 day'),
(10, 'russian', 'рядом', 'near', 'ryadom', DATE '2025-01-01' + INTERVAL '9 day'),
(10, 'russian', 'далеко', 'far', 'daleko', DATE '2025-01-01' + INTERVAL '9 day'),
(10, 'russian', 'здание', 'building', 'zdaniye', DATE '2025-01-01' + INTERVAL '9 day'),
(10, 'cantonese', '街', 'street', 'gaai1', DATE '2025-01-01' + INTERVAL '9 day'),
(10, 'cantonese', '地圖', 'map', 'dei6 tou4', DATE '2025-01-01' + INTERVAL '9 day'),
(10, 'cantonese', '右轉', 'turn right', 'jau6 zyun2', DATE '2025-01-01' + INTERVAL '9 day'),
(10, 'cantonese', '左轉', 'turn left', 'zo2 zyun2', DATE '2025-01-01' + INTERVAL '9 day'),
(10, 'cantonese', '直行', 'go straight', 'zik6 haang4', DATE '2025-01-01' + INTERVAL '9 day'),
(10, 'cantonese', '路口', 'crossroad', 'lou6 hau2', DATE '2025-01-01' + INTERVAL '9 day'),
(10, 'cantonese', '近', 'near', 'kan5', DATE '2025-01-01' + INTERVAL '9 day'),
(10, 'cantonese', '遠', 'far', 'jyun5', DATE '2025-01-01' + INTERVAL '9 day'),
(10, 'cantonese', '大廈', 'building', 'daai6 haa6', DATE '2025-01-01' + INTERVAL '9 day'),
(10, 'cantonese', '方向', 'direction', 'fong1 hoeng3', DATE '2025-01-01' + INTERVAL '9 day')
ON CONFLICT (day_number, language, word) DO NOTHING;

-- Seed daily scenarios
INSERT INTO public.daily_scenarios (id, day_number, language, title, description, your_role, partner_role)
VALUES
('e1d6a9d6-ea8d-5cf6-bfba-f8dc496f34db', 1, 'russian', 'Cafe Catch-Up', 'You’re meeting a friend in a café. One person orders coffee and something sweet; the other asks about their week and discusses plans for the weekend.', 'Friend A', 'Friend B'),
('311b5e7a-fbcf-5e56-aa17-7d5e064c23b1', 1, 'cantonese', 'Cafe Catch-Up', 'You and your partner are at a Hong Kong-style café. One orders a drink and snack; the other comments on the taste and service.', 'Friend A', 'Friend B'),
('f42d7fae-1aa9-5fae-b3f2-b48c72524a4f', 2, 'russian', 'Weekend Planning Chat', 'You and your friend are planning to meet up tomorrow. Discuss where to go, what time, and whether to invite anyone else.', 'Friend A', 'Friend B'),
('0f0afd95-d3be-528e-b642-be73d65f03e5', 2, 'cantonese', 'Weekend Planning Chat', 'You and your friend are deciding what to do this weekend. Talk about where to go, what you like doing, and when you’re both free.', 'Friend A', 'Friend B'),
('566443c6-c280-5542-996f-27e641725881', 3, 'russian', 'Train Station Prep', 'You and your partner are at the train station planning a trip. One buys tickets, the other checks schedules and asks about delays.', 'Traveler', 'Travel Partner'),
('7ebcc524-3d03-553b-bb8f-99bd0e1e43d8', 3, 'cantonese', 'Train Station Prep', 'You and your friend are travelling by train. Buy tickets, find the right platform, and discuss how long the trip will take.', 'Traveler', 'Travel Partner'),
('d6acd05b-ca37-5856-ae7a-7df3ea6db34a', 4, 'russian', 'Clothes Shopping', 'You and your partner are shopping for clothes. One tries items on while the other gives opinions and asks about prices.', 'Shopper', 'Friend'),
('8ff51436-e8c7-516e-b77d-1388a65d4350', 4, 'cantonese', 'Clothes Shopping', 'You and your friend are clothes shopping. Try on clothes, talk about color and price, and decide what to buy.', 'Shopper', 'Friend'),
('1a559940-2d6a-5c25-a367-d27fa90ea7c2', 5, 'russian', 'Dinner at the Restaurant', 'You’re dining at a restaurant with your partner. One orders food and asks the waiter for recommendations; the other comments on taste and price.', 'Diner One', 'Diner Two'),
('42877b04-0b81-5ccc-a64b-790b6f13f0a6', 5, 'cantonese', 'Dinner at the Restaurant', 'You and your partner are eating at a Cantonese restaurant. One orders, the other comments on the dishes and service.', 'Diner One', 'Diner Two'),
('38138598-5b8b-5cb3-8e06-8bafb10f85ce', 6, 'russian', 'Movie Reactions', 'You and your friend are talking after watching a movie. Discuss the plot, actors, and your favorite scenes.', 'Friend A', 'Friend B'),
('07639b0d-6cb5-5761-8f17-a756757dbaa3', 6, 'cantonese', 'Movie Reactions', 'You and your friend are chatting after a movie. Talk about the story, actors, and if you’d watch it again.', 'Friend A', 'Friend B'),
('2e81f884-2754-5e32-9f0f-ff7c4c77cf05', 7, 'russian', 'Weekend Trip Prep', 'You’re planning a weekend trip. Discuss where to go, weather, and what to pack.', 'Traveler A', 'Traveler B'),
('f8a9dd27-fdcb-5ba1-b9c0-aac7e4f1f706', 7, 'cantonese', 'Weekend Trip Prep', 'You’re planning a weekend trip. Decide on a place, talk about weather and what to bring.', 'Traveler A', 'Traveler B'),
('3ec22f4f-ce84-5bc8-a50d-be42116d8953', 8, 'russian', 'Doctor Visit', 'You’re visiting a doctor. Explain symptoms, ask for advice and discuss medicine.', 'Patient', 'Doctor'),
('e6944a86-66e8-5011-82af-a1aaba322599', 8, 'cantonese', 'Doctor Visit', 'You’re visiting a clinic. Describe your symptoms and ask what medicine to take.', 'Patient', 'Doctor'),
('d9df098d-0321-5238-a7b3-1143faca8ca4', 9, 'russian', 'Team Standup', 'You and your colleague are preparing for a meeting. Discuss progress, tasks, and next steps.', 'Colleague A', 'Colleague B'),
('1a9a7c86-1cc7-5bdb-a526-1fcc91654267', 9, 'cantonese', 'Team Standup', 'You and a coworker prepare for a presentation. Talk about progress and what’s left to finish.', 'Colleague A', 'Colleague B'),
('6536d374-eb9f-5bbb-85e9-64306c07447d', 10, 'russian', 'Giving Directions', 'You’re giving directions to a tourist. Explain how to reach a nearby café and check understanding.', 'Local Guide', 'Traveler'),
('7bac4990-83cd-5d5a-a7b9-20993706544a', 10, 'cantonese', 'Giving Directions', 'You’re helping a tourist find a café. Give directions clearly and confirm they understand.', 'Local Guide', 'Traveler')
ON CONFLICT (day_number, language) DO UPDATE SET
  title = EXCLUDED.title,
  description = EXCLUDED.description,
  your_role = EXCLUDED.your_role,
  partner_role = EXCLUDED.partner_role;

-- Seed scenario phrases
INSERT INTO public.daily_scenario_phrases (scenario_id, order_index, phrase, translation, romanization)
VALUES
('e1d6a9d6-ea8d-5cf6-bfba-f8dc496f34db', 1, 'Можно мне кофе, пожалуйста?', 'Can I have a coffee, please?', 'Mozhno mne kofe, pozhaluysta?'),
('e1d6a9d6-ea8d-5cf6-bfba-f8dc496f34db', 2, 'Как прошёл твой день?', 'How was your day?', 'Kak proshyol tvoy den?'),
('e1d6a9d6-ea8d-5cf6-bfba-f8dc496f34db', 3, 'Это очень вкусно!', 'This is very tasty!', 'Eto ochen vkusno!'),
('e1d6a9d6-ea8d-5cf6-bfba-f8dc496f34db', 4, 'Давай встретимся здесь завтра.', 'Let''s meet here tomorrow.', 'Davay vstretimsya zdes'' zavtra.'),
('e1d6a9d6-ea8d-5cf6-bfba-f8dc496f34db', 5, 'Счёт, пожалуйста.', 'The bill, please.', 'Schyot, pozhaluysta.'),
('311b5e7a-fbcf-5e56-aa17-7d5e064c23b1', 1, '我要一杯咖啡，唔該。', 'I’d like a cup of coffee, please.', 'ngo5 jiu3 jat1 bui1 gaa3 fe1, m4 goi1.'),
('311b5e7a-fbcf-5e56-aa17-7d5e064c23b1', 2, '味道好好。', 'It tastes really good.', 'mei6 dou6 hou2 hou2.'),
('311b5e7a-fbcf-5e56-aa17-7d5e064c23b1', 3, '你今日點呀？', 'How are you today?', 'nei5 gam1 jat6 dim2 aa3?'),
('311b5e7a-fbcf-5e56-aa17-7d5e064c23b1', 4, '可以埋單嗎？', 'Can we have the bill?', 'ho2 ji5 maai4 daan1 maa3?'),
('311b5e7a-fbcf-5e56-aa17-7d5e064c23b1', 5, '我想再嚟一次。', 'I want to come again.', 'ngo5 soeng2 zoi3 lai4 jat1 ci3.'),
('f42d7fae-1aa9-5fae-b3f2-b48c72524a4f', 1, 'Когда тебе удобно?', 'When is it convenient for you?', 'Kogda tebe udobno?'),
('f42d7fae-1aa9-5fae-b3f2-b48c72524a4f', 2, 'Где мы встретимся?', 'Where shall we meet?', 'Gde my vstretimsya?'),
('f42d7fae-1aa9-5fae-b3f2-b48c72524a4f', 3, 'Я свободен вечером.', 'I’m free in the evening.', 'Ya svoboden vecherom.'),
('f42d7fae-1aa9-5fae-b3f2-b48c72524a4f', 4, 'Позвони мне завтра.', 'Call me tomorrow.', 'Pozvoni mne zavtra.'),
('f42d7fae-1aa9-5fae-b3f2-b48c72524a4f', 5, 'Отличная идея!', 'Great idea!', 'Otlichnaya ideya!'),
('0f0afd95-d3be-528e-b642-be73d65f03e5', 1, '你星期六得閒嗎？', 'Are you free on Saturday?', 'nei5 sing1 kei4 luk6 dak1 haan4 maa3?'),
('0f0afd95-d3be-528e-b642-be73d65f03e5', 2, '我哋一齊去啦！', 'Let’s go together!', 'ngo5 dei6 jat1 cai4 heoi3 laa1!'),
('0f0afd95-d3be-528e-b642-be73d65f03e5', 3, '去邊度好呢？', 'Where should we go?', 'heoi3 bin1 dou6 hou2 ne1?'),
('0f0afd95-d3be-528e-b642-be73d65f03e5', 4, '好主意！', 'Good idea!', 'hou2 zyu2 ji3!'),
('0f0afd95-d3be-528e-b642-be73d65f03e5', 5, '到時再聯絡。', 'Let’s get in touch then.', 'dou3 si4 zoi3 lyun4 lok3.'),
('566443c6-c280-5542-996f-27e641725881', 1, 'Где платформа номер пять?', 'Where is platform number five?', 'Gde platforma nomer pyat''?'),
('566443c6-c280-5542-996f-27e641725881', 2, 'Поезд задерживается.', 'The train is delayed.', 'Poezd zaderzhivaetsya.'),
('566443c6-c280-5542-996f-27e641725881', 3, 'Сколько стоит билет?', 'How much is the ticket?', 'Skol''ko stoit bilet?'),
('566443c6-c280-5542-996f-27e641725881', 4, 'Когда отправление?', 'When is the departure?', 'Kogda otpravlenie?'),
('566443c6-c280-5542-996f-27e641725881', 5, 'Хорошо, поехали!', 'let’s go!', 'Khorosho, poekhali!,Alright'),
('7ebcc524-3d03-553b-bb8f-99bd0e1e43d8', 1, '月台喺邊度？', 'Where is the platform?', 'jyut6 toi4 hai2 bin1 dou6?'),
('7ebcc524-3d03-553b-bb8f-99bd0e1e43d8', 2, '火車遲咗。', 'The train is late.', 'fo2 ce1 ci4 zo2.'),
('7ebcc524-3d03-553b-bb8f-99bd0e1e43d8', 3, '幾多錢一張票？', 'How much is a ticket?', 'gei2 do1 cin2 jat1 zoeng1 piu3?'),
('7ebcc524-3d03-553b-bb8f-99bd0e1e43d8', 4, '幾點開出？', 'What time does it depart?', 'gei2 dim2 hoi1 ceot1?'),
('7ebcc524-3d03-553b-bb8f-99bd0e1e43d8', 5, '好啦，一齊走喇！', 'let’s go!', 'hou2 laa1, jat1 cai4 zau2 laa3!,Alright'),
('d6acd05b-ca37-5856-ae7a-7df3ea6db34a', 1, 'Можно примерить?', 'Can I try it on?', 'Mozhno primyerit''?'),
('d6acd05b-ca37-5856-ae7a-7df3ea6db34a', 2, 'У вас есть скидка?', 'Do you have a discount?', 'U vas yest'' skidka?'),
('d6acd05b-ca37-5856-ae7a-7df3ea6db34a', 3, 'Сколько это стоит?', 'How much does this cost?', 'Skol''ko eto stoit?'),
('d6acd05b-ca37-5856-ae7a-7df3ea6db34a', 4, 'Мне нравится этот цвет.', 'I like this color.', 'Mne nravitsya etot tsvet.'),
('d6acd05b-ca37-5856-ae7a-7df3ea6db34a', 5, 'Возьму это.', 'I’ll take it.', 'Voz''mu eto.'),
('8ff51436-e8c7-516e-b77d-1388a65d4350', 1, '可唔可以試下？', 'Can I try it on?', 'ho2 m4 ho2 ji5 si3 haa5?'),
('8ff51436-e8c7-516e-b77d-1388a65d4350', 2, '幾多錢呀？', 'How much is it?', 'gei2 do1 cin2 aa3?'),
('8ff51436-e8c7-516e-b77d-1388a65d4350', 3, '有冇折扣？', 'Is there a discount?', 'jau5 mou5 zit3 kau3?'),
('8ff51436-e8c7-516e-b77d-1388a65d4350', 4, '我鍾意呢個顏色。', 'I like this color.', 'ngo5 zung1 ji3 ni1 go3 ngaan4 sik1.'),
('8ff51436-e8c7-516e-b77d-1388a65d4350', 5, '我要買呢個。', 'I’ll buy this one.', 'ngo5 jiu3 maai5 ni1 go3.'),
('1a559940-2d6a-5c25-a367-d27fa90ea7c2', 1, 'Что вы посоветуете?', 'What do you recommend?', 'Chto vy posovetuyete?'),
('1a559940-2d6a-5c25-a367-d27fa90ea7c2', 2, 'Я буду суп и рыбу.', 'I’ll have soup and fish.', 'Ya budu sup i rybu.'),
('1a559940-2d6a-5c25-a367-d27fa90ea7c2', 3, 'Это выглядит вкусно!', 'That looks delicious!', 'Eto vyglyadit vkusno!'),
('1a559940-2d6a-5c25-a367-d27fa90ea7c2', 4, 'Принесите счёт, пожалуйста.', 'Could we have the bill, please?', 'Prinesite schyot, pozhaluysta.'),
('1a559940-2d6a-5c25-a367-d27fa90ea7c2', 5, 'Спасибо за ужин!', 'Thanks for dinner!', 'Spasibo za uzhin!'),
('42877b04-0b81-5ccc-a64b-790b6f13f0a6', 1, '有乜嘢推介？', 'What do you recommend?', 'jau5 mat1 je5 teoi1 gaai3?'),
('42877b04-0b81-5ccc-a64b-790b6f13f0a6', 2, '我要個湯同魚。', 'I’ll have soup and fish.', 'ngo5 jiu3 go3 tong1 tung4 jyu4.'),
('42877b04-0b81-5ccc-a64b-790b6f13f0a6', 3, '好味呀！', 'It’s delicious!', 'hou2 mei6 aa3!'),
('42877b04-0b81-5ccc-a64b-790b6f13f0a6', 4, '埋單唔該。', 'The bill, please.', 'maai4 daan1 m4 goi1.'),
('42877b04-0b81-5ccc-a64b-790b6f13f0a6', 5, '多謝請我食飯。', 'Thanks for dinner!', 'do1 ze6 cing2 ngo5 sik6 faan6.'),
('38138598-5b8b-5cb3-8e06-8bafb10f85ce', 1, 'Тебе понравился фильм?', 'Did you like the movie?', 'Tebe ponravilsya fil''m?'),
('38138598-5b8b-5cb3-8e06-8bafb10f85ce', 2, 'Сюжет был интересный.', 'The plot was interesting.', 'Suzhet byl interesnyy.'),
('38138598-5b8b-5cb3-8e06-8bafb10f85ce', 3, 'Мне понравился актёр.', 'I liked the actor.', 'Mne ponravilsya aktyor.'),
('38138598-5b8b-5cb3-8e06-8bafb10f85ce', 4, 'Конец был неожиданным.', 'The ending was unexpected.', 'Konyets byl neozhidannym.'),
('38138598-5b8b-5cb3-8e06-8bafb10f85ce', 5, 'Пойдём в кино снова!', 'Let’s go to the cinema again!', 'Poydyom v kino snova!'),
('07639b0d-6cb5-5761-8f17-a756757dbaa3', 1, '你覺得套戲點呀？', 'How was the movie?', 'nei5 gok3 dak1 tou3 hei3 dim2 aa3?'),
('07639b0d-6cb5-5761-8f17-a756757dbaa3', 2, '個故事幾有趣。', 'The story was interesting.', 'go3 gu3 si6 gei2 jau5 ceoi3.'),
('07639b0d-6cb5-5761-8f17-a756757dbaa3', 3, '我鍾意個演員。', 'I liked the actor.', 'ngo5 zung1 ji3 go3 jin2 jyun4.'),
('07639b0d-6cb5-5761-8f17-a756757dbaa3', 4, '結局好出奇。', 'The ending was surprising.', 'git3 guk6 hou2 ceot1 kei4.'),
('07639b0d-6cb5-5761-8f17-a756757dbaa3', 5, '下次再睇啦！', 'Let’s watch another one next time!', 'haa6 ci3 zoi3 tai2 laa1!'),
('2e81f884-2754-5e32-9f0f-ff7c4c77cf05', 1, 'Куда поедем?', 'Where shall we go?', 'Kuda poyedem?'),
('2e81f884-2754-5e32-9f0f-ff7c4c77cf05', 2, 'Погода будет хорошая.', 'The weather will be nice.', 'Pogoda budet khoroshaya.'),
('2e81f884-2754-5e32-9f0f-ff7c4c77cf05', 3, 'Возьму камеру.', 'I’ll take the camera.', 'Voz''mu kameru.'),
('2e81f884-2754-5e32-9f0f-ff7c4c77cf05', 4, 'Хочу отдохнуть на пляже.', 'I want to relax on the beach.', 'Khochu otdokhnut'' na plyazhe.'),
('2e81f884-2754-5e32-9f0f-ff7c4c77cf05', 5, 'Отличный план!', 'Great plan!', 'Otlichnyy plan!'),
('f8a9dd27-fdcb-5ba1-b9c0-aac7e4f1f706', 1, '去邊度好？', 'Where should we go?', 'heoi3 bin1 dou6 hou2?'),
('f8a9dd27-fdcb-5ba1-b9c0-aac7e4f1f706', 2, '聽日天氣好。', 'The weather will be good tomorrow.', 'ting1 jat6 tin1 hei3 hou2.'),
('f8a9dd27-fdcb-5ba1-b9c0-aac7e4f1f706', 3, '我帶相機。', 'I’ll bring my camera.', 'ngo5 daai3 soeng2 gei1.'),
('f8a9dd27-fdcb-5ba1-b9c0-aac7e4f1f706', 4, '我想去沙灘休息。', 'I want to relax on the beach.', 'ngo5 soeng2 heoi3 sa1 taan1 jau1 sik1.'),
('f8a9dd27-fdcb-5ba1-b9c0-aac7e4f1f706', 5, '好計劃呀！', 'Great plan!', 'hou2 gai3 waak6 aa3!'),
('3ec22f4f-ce84-5bc8-a50d-be42116d8953', 1, 'У меня болит голова.', 'I have a headache.', 'U menya bolit golova.'),
('3ec22f4f-ce84-5bc8-a50d-be42116d8953', 2, 'Мне нужно лекарство.', 'I need some medicine.', 'Mne nuzhno lekarstvo.'),
('3ec22f4f-ce84-5bc8-a50d-be42116d8953', 3, 'Как долго мне отдыхать?', 'How long should I rest?', 'Kak dolgo mne otdykhat''?'),
('3ec22f4f-ce84-5bc8-a50d-be42116d8953', 4, 'Температура высокая.', 'My temperature is high.', 'Temperatura vysokaya.'),
('3ec22f4f-ce84-5bc8-a50d-be42116d8953', 5, 'Спасибо, доктор.', 'Thank you, doctor.', 'Spasibo, doktor.'),
('e6944a86-66e8-5011-82af-a1aaba322599', 1, '我頭痛。', 'I have a headache.', 'ngo5 tau4 tung3.'),
('e6944a86-66e8-5011-82af-a1aaba322599', 2, '請畀啲藥我。', 'Please give me some medicine.', 'cing2 bei2 di1 joek6 ngo5.'),
('e6944a86-66e8-5011-82af-a1aaba322599', 3, '要休息幾耐？', 'How long should I rest?', 'jiu3 jau1 sik1 gei2 noi6?'),
('e6944a86-66e8-5011-82af-a1aaba322599', 4, '我發燒。', 'I have a fever.', 'ngo5 faat3 siu1.'),
('e6944a86-66e8-5011-82af-a1aaba322599', 5, '多謝醫生。', 'Thank you, doctor.', 'do1 ze6 ji1 sang1.'),
('d9df098d-0321-5238-a7b3-1143faca8ca4', 1, 'Когда встреча?', 'When is the meeting?', 'Kogda vstrecha?'),
('d9df098d-0321-5238-a7b3-1143faca8ca4', 2, 'Проект почти готов.', 'The project is almost ready.', 'Proyekt pochti gotov.'),
('d9df098d-0321-5238-a7b3-1143faca8ca4', 3, 'Хорошая идея!', 'Good idea!', 'Khoroshaya ideya!'),
('d9df098d-0321-5238-a7b3-1143faca8ca4', 4, 'Мне нужно закончить отчёт.', 'I need to finish the report.', 'Mne nuzhno zakonchit'' otchot.'),
('d9df098d-0321-5238-a7b3-1143faca8ca4', 5, 'Удачи на встрече!', 'Good luck at the meeting!', 'Udachi na vstreche!'),
('1a9a7c86-1cc7-5bdb-a526-1fcc91654267', 1, '會議幾點？', 'What time is the meeting?', 'wui6 ji5 gei2 dim2?'),
('1a9a7c86-1cc7-5bdb-a526-1fcc91654267', 2, '個計劃差唔多好。', 'The project is almost ready.', 'go3 gai3 waak6 caa1 m4 do1 hou2.'),
('1a9a7c86-1cc7-5bdb-a526-1fcc91654267', 3, '好主意！', 'Good idea!', 'hou2 zyu2 ji3!'),
('1a9a7c86-1cc7-5bdb-a526-1fcc91654267', 4, '我要完成報告。', 'I need to finish the report.', 'ngo5 jiu3 jyun4 sing4 bou3 gou3.'),
('1a9a7c86-1cc7-5bdb-a526-1fcc91654267', 5, '祝你會議順利！', 'Good luck with the meeting!', 'zuk1 nei5 wui6 ji5 seon6 lei6!'),
('6536d374-eb9f-5bbb-85e9-64306c07447d', 1, 'Идите прямо.', 'Go straight.', 'Idite pryamo.'),
('6536d374-eb9f-5bbb-85e9-64306c07447d', 2, 'Поверните направо.', 'Turn right.', 'Povernite napravo.'),
('6536d374-eb9f-5bbb-85e9-64306c07447d', 3, 'Кафе рядом.', 'The café is nearby.', 'Kafe ryadom.'),
('6536d374-eb9f-5bbb-85e9-64306c07447d', 4, 'Это далеко отсюда?', 'Is it far from here?', 'Eto daleko otsyuda?'),
('6536d374-eb9f-5bbb-85e9-64306c07447d', 5, 'Спасибо за помощь!', 'Thanks for your help!', 'Spasibo za pomoshch!'),
('7bac4990-83cd-5d5a-a7b9-20993706544a', 1, '直行。', 'Go straight.', 'zik6 haang4.'),
('7bac4990-83cd-5d5a-a7b9-20993706544a', 2, '右轉。', 'Turn right.', 'jau6 zyun2.'),
('7bac4990-83cd-5d5a-a7b9-20993706544a', 3, '咖啡店喺附近。', 'The café is nearby.', 'gaa3 fe1 dim3 hai2 fu6 gan6.'),
('7bac4990-83cd-5d5a-a7b9-20993706544a', 4, '遠唔遠呀？', 'Is it far?', 'jyun5 m4 jyun5 aa3?'),
('7bac4990-83cd-5d5a-a7b9-20993706544a', 5, '多謝你幫手！', 'Thanks for your help!', 'do1 ze6 nei5 bong1 sau2!')
ON CONFLICT (scenario_id, order_index) DO UPDATE SET
  phrase = EXCLUDED.phrase,
  translation = EXCLUDED.translation,
  romanization = EXCLUDED.romanization;
